Term,Date,Value
Income gap,1/1/2010,3.4382483371824906
Income gap,2/1/2010,5.923488729140992
Income gap,3/1/2010,7.202983231008497
Income gap,4/1/2010,6.263119893960706
Income gap,5/1/2010,5.548971720931037
Income gap,6/1/2010,3.845089426741369
Income gap,7/1/2010,4.502667589234754
Income gap,8/1/2010,3.5248805246357477
Income gap,9/1/2010,7.2345014035782516
Income gap,10/1/2010,8.3543981639724
Income gap,11/1/2010,6.4697305176730415
Income gap,12/1/2010,7.373618995953111
Income gap,1/1/2011,5.4739353398112325
Income gap,2/1/2011,8.23128316032086
Income gap,3/1/2011,9.19376319274124
Income gap,4/1/2011,8.730604592193528
Income gap,5/1/2011,5.657611206360982
Income gap,6/1/2011,5.3457914532763695
Income gap,7/1/2011,6.841671259165431
Income gap,8/1/2011,5.802230119923678
Income gap,9/1/2011,5.861676971518953
Income gap,10/1/2011,11.444497709615813
Income gap,11/1/2011,12.408717181640888
Income gap,12/1/2011,8.513697266403677
Income gap,1/1/2012,6.3953863489003275
Income gap,2/1/2012,7.825342681563369
Income gap,3/1/2012,7.367067540135278
Income gap,4/1/2012,8.929284752561838
Income gap,5/1/2012,6.870961704928502
Income gap,6/1/2012,4.968054254229191
Income gap,7/1/2012,5.236591718890213
Income gap,8/1/2012,4.706437091259531
Income gap,9/1/2012,6.267777260551207
Income gap,10/1/2012,8.18571964847829
Income gap,11/1/2012,9.377441678220201
Income gap,12/1/2012,6.084035694321223
Income gap,1/1/2013,5.118290564341612
Income gap,2/1/2013,7.197054500170038
Income gap,3/1/2013,8.519406654165294
Income gap,4/1/2013,8.742738063485344
Income gap,5/1/2013,7.470764228296668
Income gap,6/1/2013,4.809564210313216
Income gap,7/1/2013,6.27522100306438
Income gap,8/1/2013,4.247214139607064
Income gap,9/1/2013,8.752379647862993
Income gap,10/1/2013,9.88120828221557
Income gap,11/1/2013,10.12452444630393
Income gap,12/1/2013,10.404838204551659
Income gap,1/1/2014,8.299732933129286
Income gap,2/1/2014,11.963355012917422
Income gap,3/1/2014,11.592821022407009
Income gap,4/1/2014,12.486954567853346
Income gap,5/1/2014,9.240601085885137
Income gap,6/1/2014,5.715075265453695
Income gap,7/1/2014,5.9461386300320065
Income gap,8/1/2014,5.65975533084203
Income gap,9/1/2014,8.05049627781134
Income gap,10/1/2014,11.662943429005933
Income gap,11/1/2014,11.133184149795076
Income gap,12/1/2014,9.464544577671244
Income gap,1/1/2015,7.867835374070898
Income gap,2/1/2015,10.109572370978043
Income gap,3/1/2015,10.228532850063543
Income gap,4/1/2015,12.69051308618795
Income gap,5/1/2015,9.491389280562892
Income gap,6/1/2015,6.1171147213596395
Income gap,7/1/2015,5.537506502179061
Income gap,8/1/2015,5.1862796977264285
Income gap,9/1/2015,8.034249995745327
Income gap,10/1/2015,10.958384107900935
Income gap,11/1/2015,12.193548723764154
Income gap,12/1/2015,9.727877299172425
Income gap,1/1/2016,8.619571987605203
Income gap,2/1/2016,12.439802240721114
Income gap,3/1/2016,10.654884097609784
Income gap,4/1/2016,12.07795862914547
Income gap,5/1/2016,10.229166521504833
Income gap,6/1/2016,5.915645130451697
Income gap,7/1/2016,5.048629448140213
Income gap,8/1/2016,4.57981854977527
Income gap,9/1/2016,6.677671356310535
Income gap,10/1/2016,10.496558935033168
Income gap,11/1/2016,10.810420763557707
Income gap,12/1/2016,9.575234745310885
Income gap,1/1/2017,8.07040243518166
Income gap,2/1/2017,10.56151195197952
Income gap,3/1/2017,11.001380400442075
Income gap,4/1/2017,11.634025422953806
Income gap,5/1/2017,9.376554166292387
Income gap,6/1/2017,4.881230235066179
Income gap,7/1/2017,5.199280960597887
Income gap,8/1/2017,4.351486061165057
Income gap,9/1/2017,6.532016769014801
Income gap,10/1/2017,9.72402687481431
Income gap,11/1/2017,10.952399074374075
Income gap,12/1/2017,7.856737871066388
Income gap,1/1/2018,7.327889368845972
Income gap,2/1/2018,9.90883177448871
Income gap,3/1/2018,10.012807634956292
Income gap,4/1/2018,10.853939768404258
Income gap,5/1/2018,8.144936418112987
Income gap,6/1/2018,5.568874476949582
Income gap,7/1/2018,5.383310674584326
Income gap,8/1/2018,4.594136545102565
Income gap,9/1/2018,7.3025611284281
Income gap,10/1/2018,9.630862728807795
Income gap,11/1/2018,9.65984793258995
Income gap,12/1/2018,8.05923018336993
Income gap,1/1/2019,7.091668324087565
Income gap,2/1/2019,9.13545955406469
Income gap,3/1/2019,9.403915879191008
Income gap,4/1/2019,11.932493692081657
Income gap,5/1/2019,9.085642669796384
Income gap,6/1/2019,5.669588065747467
Income gap,7/1/2019,4.429015829425824
Income gap,8/1/2019,3.66397900972255
Income gap,9/1/2019,6.555739184814459
Income gap,10/1/2019,10.469427643015253
Income gap,11/1/2019,10.283879621938485
Income gap,12/1/2019,7.095038298665372
Income gap,1/1/2020,7.014570899944531
Income gap,2/1/2020,9.384524301015807
Income gap,3/1/2020,8.363195159825965
Income gap,4/1/2020,9.88661378966765
Income gap,5/1/2020,9.080618019035255
Income gap,6/1/2020,8.0785332271312
Income gap,7/1/2020,7.62548732193213
Income gap,8/1/2020,6.3348234277230695
Income gap,9/1/2020,8.749553680045308
Income gap,10/1/2020,10.782477183924417
Income gap,11/1/2020,10.449591996409941
Income gap,12/1/2020,7.795213439573659
Income gap,1/1/2021,6.412190712059353
Income gap,2/1/2021,8.49310823237987
Income gap,3/1/2021,9.982322508606158
Income gap,4/1/2021,10.41529123193379
Income gap,5/1/2021,8.20533942355412
Income gap,6/1/2021,4.883694094471992
Income gap,7/1/2021,4.499566361603317
Income gap,8/1/2021,4.447129733181813
Income gap,9/1/2021,6.026761523530778
Income gap,10/1/2021,9.284385668281338
Income gap,11/1/2021,9.544017070790192
Income gap,12/1/2021,7.193860286871181
Income gap,1/1/2022,7.707719401119218
Income gap,2/1/2022,11.135670439763821
Income gap,3/1/2022,14.39443414996572
Income gap,4/1/2022,16.96894500139712
Income gap,5/1/2022,12.279909411744343
Income gap,6/1/2022,7.726834513377434
Income gap,7/1/2022,6.432522740359739
Income gap,8/1/2022,6.221821709834631
Income gap,9/1/2022,8.544304945908392
Income gap,10/1/2022,12.470678137468871
Income gap,11/1/2022,11.93037153096831
Income gap,12/1/2022,9.572625168996016
Income gap,1/1/2023,9.231038947634781
Income gap,2/1/2023,12.427935363801819
Income gap,3/1/2023,12.804695086908268
Income gap,4/1/2023,14.187019324753738
Income gap,5/1/2023,11.54586169824856
Income gap,6/1/2023,6.747669412351656
Income gap,7/1/2023,7.456699267117683
Income gap,8/1/2023,6.408916443310254
Income gap,9/1/2023,9.895442309078222
Income gap,10/1/2023,13.321001127560807
Income gap,11/1/2023,14.345738974818582
Income gap,12/1/2023,10.472895756163346
Income gap,1/1/2024,10.189873257299523
Income gap,2/1/2024,13.26503783358616
Income gap,3/1/2024,14.004177758583493
Income gap,4/1/2024,16.24384300144335
Income gap,5/1/2024,13.104081091118033
Income gap,6/1/2024,7.394738054307061
Income gap,7/1/2024,7.123184973422526
Income gap,8/1/2024,5.738059312351839
Wealth disparity,1/1/2010,0
Wealth disparity,2/1/2010,0
Wealth disparity,3/1/2010,1.8010867619091695
Wealth disparity,4/1/2010,1.8289239249508022
Wealth disparity,5/1/2010,0
Wealth disparity,6/1/2010,0
Wealth disparity,7/1/2010,0
Wealth disparity,8/1/2010,0
Wealth disparity,9/1/2010,1.3493906628774563
Wealth disparity,10/1/2010,2.6704258516448767
Wealth disparity,11/1/2010,1.4687448327862962
Wealth disparity,12/1/2010,2.0928900621142987
Wealth disparity,1/1/2011,1.497386575299382
Wealth disparity,2/1/2011,2.2102211258857456
Wealth disparity,3/1/2011,2.8432138893559227
Wealth disparity,4/1/2011,3.7321748037901443
Wealth disparity,5/1/2011,1.6193612242147475
Wealth disparity,6/1/2011,0.988811228382011
Wealth disparity,7/1/2011,3.379967248374592
Wealth disparity,8/1/2011,3.182800371035055
Wealth disparity,9/1/2011,2.686471546231585
Wealth disparity,10/1/2011,5.099067844164957
Wealth disparity,11/1/2011,4.235926888606413
Wealth disparity,12/1/2011,2.7649588279813666
Wealth disparity,1/1/2012,1.993093110417661
Wealth disparity,2/1/2012,1.3314547038027067
Wealth disparity,3/1/2012,1.5180016992266105
Wealth disparity,4/1/2012,1.8664691171903076
Wealth disparity,5/1/2012,1.3166652394825853
Wealth disparity,6/1/2012,1.4902742842691215
Wealth disparity,7/1/2012,1.6312798432552196
Wealth disparity,8/1/2012,1.4746026777094188
Wealth disparity,9/1/2012,2.698770709641471
Wealth disparity,10/1/2012,2.111370131550664
Wealth disparity,11/1/2012,1.9700793321777625
Wealth disparity,12/1/2012,1.6379865697084568
Wealth disparity,1/1/2013,1.2998532547030444
Wealth disparity,2/1/2013,1.490276107549284
Wealth disparity,3/1/2013,3.363516538800883
Wealth disparity,4/1/2013,2.517428973515485
Wealth disparity,5/1/2013,1.5869431739218525
Wealth disparity,6/1/2013,1.1740568432737692
Wealth disparity,7/1/2013,1.3863257871426664
Wealth disparity,8/1/2013,1.4049112553817555
Wealth disparity,9/1/2013,1.8726878795583404
Wealth disparity,10/1/2013,2.5901033171879457
Wealth disparity,11/1/2013,2.7776664879093134
Wealth disparity,12/1/2013,2.919814979404332
Wealth disparity,1/1/2014,2.553159467755959
Wealth disparity,2/1/2014,2.6408060836486547
Wealth disparity,3/1/2014,2.504688242536364
Wealth disparity,4/1/2014,2.6837255820867947
Wealth disparity,5/1/2014,2.6256094628015916
Wealth disparity,6/1/2014,1.4823056294792347
Wealth disparity,7/1/2014,1.5707179020369653
Wealth disparity,8/1/2014,1.3447589378002693
Wealth disparity,9/1/2014,1.6216854138054695
Wealth disparity,10/1/2014,3.8008570580088845
Wealth disparity,11/1/2014,1.7374449595081412
Wealth disparity,12/1/2014,2.356590664990635
Wealth disparity,1/1/2015,1.8614943982799044
Wealth disparity,2/1/2015,2.2049065245706028
Wealth disparity,3/1/2015,1.8507116301993156
Wealth disparity,4/1/2015,2.5733480163972144
Wealth disparity,5/1/2015,1.3309817038938552
Wealth disparity,6/1/2015,1.4869168565992796
Wealth disparity,7/1/2015,0.8287703172101565
Wealth disparity,8/1/2015,1.452231808316226
Wealth disparity,9/1/2015,1.4977629712177678
Wealth disparity,10/1/2015,2.533268245720528
Wealth disparity,11/1/2015,2.443487968810722
Wealth disparity,12/1/2015,1.5545136623915152
Wealth disparity,1/1/2016,1.5338731450345526
Wealth disparity,2/1/2016,2.5933054546175955
Wealth disparity,3/1/2016,2.388956513516083
Wealth disparity,4/1/2016,2.281613031569317
Wealth disparity,5/1/2016,1.4426418842926498
Wealth disparity,6/1/2016,1.185675863782512
Wealth disparity,7/1/2016,0.942935134964785
Wealth disparity,8/1/2016,1.179793828100546
Wealth disparity,9/1/2016,1.6538399466376583
Wealth disparity,10/1/2016,1.9089838278964044
Wealth disparity,11/1/2016,1.756567251788811
Wealth disparity,12/1/2016,1.5505096691286722
Wealth disparity,1/1/2017,1.708298865327808
Wealth disparity,2/1/2017,2.217817624404822
Wealth disparity,3/1/2017,2.0646605609461353
Wealth disparity,4/1/2017,1.8843832897903807
Wealth disparity,5/1/2017,1.857029885972336
Wealth disparity,6/1/2017,1.134920181839235
Wealth disparity,7/1/2017,1.332539027822783
Wealth disparity,8/1/2017,0.8137997119301462
Wealth disparity,9/1/2017,1.461868207058636
Wealth disparity,10/1/2017,2.0182321824794514
Wealth disparity,11/1/2017,1.8049023100193258
Wealth disparity,12/1/2017,1.9941212393669863
Wealth disparity,1/1/2018,2.243656189973633
Wealth disparity,2/1/2018,1.896537177251543
Wealth disparity,3/1/2018,2.29857187453442
Wealth disparity,4/1/2018,2.1009062387841184
Wealth disparity,5/1/2018,1.5931799767395718
Wealth disparity,6/1/2018,1.5058294150488973
Wealth disparity,7/1/2018,1.0906827321742987
Wealth disparity,8/1/2018,1.6040072998719537
Wealth disparity,9/1/2018,1.574726385763964
Wealth disparity,10/1/2018,2.292363285322426
Wealth disparity,11/1/2018,1.9739387924749838
Wealth disparity,12/1/2018,1.3068086724109187
Wealth disparity,1/1/2019,1.729163093033518
Wealth disparity,2/1/2019,2.6037416381518184
Wealth disparity,3/1/2019,2.5982593384206374
Wealth disparity,4/1/2019,2.5477949489084173
Wealth disparity,5/1/2019,1.4727812941109737
Wealth disparity,6/1/2019,1.2614292842088064
Wealth disparity,7/1/2019,1.2655089943147795
Wealth disparity,8/1/2019,1.179307109124438
Wealth disparity,9/1/2019,1.9091711289656017
Wealth disparity,10/1/2019,2.6270031820818733
Wealth disparity,11/1/2019,2.4205809533287166
Wealth disparity,12/1/2019,2.3622424203407575
Wealth disparity,1/1/2020,2.0764166786418405
Wealth disparity,2/1/2020,2.796242681013918
Wealth disparity,3/1/2020,2.3158189821879516
Wealth disparity,4/1/2020,2.8353037359066953
Wealth disparity,5/1/2020,2.675984938902105
Wealth disparity,6/1/2020,3.162157357897742
Wealth disparity,7/1/2020,2.7763759571920255
Wealth disparity,8/1/2020,2.486551689772472
Wealth disparity,9/1/2020,3.2369575888848545
Wealth disparity,10/1/2020,2.8310285221117653
Wealth disparity,11/1/2020,1.7614771403328524
Wealth disparity,12/1/2020,2.000673445832864
Wealth disparity,1/1/2021,1.9579938209808447
Wealth disparity,2/1/2021,2.2725858305058266
Wealth disparity,3/1/2021,2.0967048823090533
Wealth disparity,4/1/2021,1.9939019790809192
Wealth disparity,5/1/2021,2.076211732416394
Wealth disparity,6/1/2021,1.385427593573273
Wealth disparity,7/1/2021,1.2106244447102432
Wealth disparity,8/1/2021,0.9212241153471126
Wealth disparity,9/1/2021,1.68880205883177
Wealth disparity,10/1/2021,2.4329267888952053
Wealth disparity,11/1/2021,2.030290447475588
Wealth disparity,12/1/2021,1.7336072914881366
Wealth disparity,1/1/2022,2.722409349936788
Wealth disparity,2/1/2022,2.6897554547307627
Wealth disparity,3/1/2022,2.811850328137086
Wealth disparity,4/1/2022,2.9175747561490812
Wealth disparity,5/1/2022,2.3455737152444747
Wealth disparity,6/1/2022,1.8407106962951671
Wealth disparity,7/1/2022,0.8885450877620739
Wealth disparity,8/1/2022,1.2908928882341493
Wealth disparity,9/1/2022,2.919550426949999
Wealth disparity,10/1/2022,2.4561581066743563
Wealth disparity,11/1/2022,2.430569804405447
Wealth disparity,12/1/2022,2.360656017563366
Wealth disparity,1/1/2023,2.5090116469179122
Wealth disparity,2/1/2023,3.051656471016444
Wealth disparity,3/1/2023,2.8536833320697927
Wealth disparity,4/1/2023,3.357898445840806
Wealth disparity,5/1/2023,2.7944467622473486
Wealth disparity,6/1/2023,2.1609036585193624
Wealth disparity,7/1/2023,2.2197980579161816
Wealth disparity,8/1/2023,1.633694181951095
Wealth disparity,9/1/2023,2.6550454230896228
Wealth disparity,10/1/2023,2.7200707180468955
Wealth disparity,11/1/2023,2.914516156792094
Wealth disparity,12/1/2023,2.3458500373019677
Wealth disparity,1/1/2024,2.502223657838947
Wealth disparity,2/1/2024,4.219762966647437
Wealth disparity,3/1/2024,3.728605741533664
Wealth disparity,4/1/2024,3.529707817880454
Wealth disparity,5/1/2024,3.064563047878841
Wealth disparity,6/1/2024,1.6504431380062174
Wealth disparity,7/1/2024,1.7230253748661042
Wealth disparity,8/1/2024,1.737954183051181
Poverty rate,1/1/2010,28.991210561504772
Poverty rate,2/1/2010,32.05048470531271
Poverty rate,3/1/2010,35.484001388656544
Poverty rate,4/1/2010,37.26498055039777
Poverty rate,5/1/2010,31.445173505577344
Poverty rate,6/1/2010,16.354339763545315
Poverty rate,7/1/2010,14.048975655952665
Poverty rate,8/1/2010,12.903383292610755
Poverty rate,9/1/2010,42.33063768440789
Poverty rate,10/1/2010,33.0884191856443
Poverty rate,11/1/2010,35.21416481442806
Poverty rate,12/1/2010,26.803965850474
Poverty rate,1/1/2011,24.51897142274135
Poverty rate,2/1/2011,32.75436151280103
Poverty rate,3/1/2011,33.19858208077322
Poverty rate,4/1/2011,35.60864677997738
Poverty rate,5/1/2011,26.80435647956293
Poverty rate,6/1/2011,18.273025033300907
Poverty rate,7/1/2011,16.755705045475207
Poverty rate,8/1/2011,19.08592804700344
Poverty rate,9/1/2011,51.24323352957005
Poverty rate,10/1/2011,40.3732352293193
Poverty rate,11/1/2011,40.84153080450007
Poverty rate,12/1/2011,33.934392256836496
Poverty rate,1/1/2012,27.511983149444976
Poverty rate,2/1/2012,33.36822023000596
Poverty rate,3/1/2012,32.10596287769182
Poverty rate,4/1/2012,37.42478127147989
Poverty rate,5/1/2012,30.868620863186106
Poverty rate,6/1/2012,19.176630740526985
Poverty rate,7/1/2012,21.233656065560528
Poverty rate,8/1/2012,20.02192361394444
Poverty rate,9/1/2012,36.8628496748885
Poverty rate,10/1/2012,39.99789679441482
Poverty rate,11/1/2012,43.30733639467775
Poverty rate,12/1/2012,29.25659768716144
Poverty rate,1/1/2013,23.507504507337295
Poverty rate,2/1/2013,33.436171380548885
Poverty rate,3/1/2013,33.65975274356117
Poverty rate,4/1/2013,40.568264381513394
Poverty rate,5/1/2013,33.97017605828529
Poverty rate,6/1/2013,20.221297859940847
Poverty rate,7/1/2013,19.521566101686044
Poverty rate,8/1/2013,19.63605030713707
Poverty rate,9/1/2013,35.2850567595101
Poverty rate,10/1/2013,39.65673612206307
Poverty rate,11/1/2013,44.01500508080446
Poverty rate,12/1/2013,37.8821637838255
Poverty rate,1/1/2014,33.36465456294685
Poverty rate,2/1/2014,37.328820829762115
Poverty rate,3/1/2014,37.93759103822356
Poverty rate,4/1/2014,43.15540172155523
Poverty rate,5/1/2014,38.16900922741707
Poverty rate,6/1/2014,23.497567883652998
Poverty rate,7/1/2014,22.51564584384264
Poverty rate,8/1/2014,20.252630193151884
Poverty rate,9/1/2014,37.0803268093619
Poverty rate,10/1/2014,39.664813852326034
Poverty rate,11/1/2014,44.745927461320484
Poverty rate,12/1/2014,34.6831925910812
Poverty rate,1/1/2015,31.695563695235528
Poverty rate,2/1/2015,38.897978032949545
Poverty rate,3/1/2015,40.913991940328316
Poverty rate,4/1/2015,48.25352032140274
Poverty rate,5/1/2015,44.16950842063486
Poverty rate,6/1/2015,24.09712503825332
Poverty rate,7/1/2015,23.8613564615732
Poverty rate,8/1/2015,23.614570408795526
Poverty rate,9/1/2015,42.414229516749806
Poverty rate,10/1/2015,45.86611327419038
Poverty rate,11/1/2015,45.26379666639631
Poverty rate,12/1/2015,40.6095405105353
Poverty rate,1/1/2016,33.5816827153175
Poverty rate,2/1/2016,47.49562549761528
Poverty rate,3/1/2016,46.71737317257422
Poverty rate,4/1/2016,51.174512989019085
Poverty rate,5/1/2016,42.747987993307426
Poverty rate,6/1/2016,26.490246545047473
Poverty rate,7/1/2016,26.65499266988437
Poverty rate,8/1/2016,26.132541016488933
Poverty rate,9/1/2016,40.62911598411264
Poverty rate,10/1/2016,42.78589522797625
Poverty rate,11/1/2016,50.43524699144046
Poverty rate,12/1/2016,39.943069169009725
Poverty rate,1/1/2017,41.35691492930217
Poverty rate,2/1/2017,46.02052288646324
Poverty rate,3/1/2017,48.70894770401849
Poverty rate,4/1/2017,49.87311102319839
Poverty rate,5/1/2017,43.947086583523514
Poverty rate,6/1/2017,25.139087724518575
Poverty rate,7/1/2017,22.49335721841741
Poverty rate,8/1/2017,20.851371461649666
Poverty rate,9/1/2017,37.22492129833502
Poverty rate,10/1/2017,44.17351813770151
Poverty rate,11/1/2017,48.924786358399395
Poverty rate,12/1/2017,44.7801313238611
Poverty rate,1/1/2018,46.861992447946115
Poverty rate,2/1/2018,50.35143484688841
Poverty rate,3/1/2018,47.27987775947181
Poverty rate,4/1/2018,56.86884582314732
Poverty rate,5/1/2018,47.15877759343655
Poverty rate,6/1/2018,32.28025715586933
Poverty rate,7/1/2018,27.33732270540306
Poverty rate,8/1/2018,27.982307554903947
Poverty rate,9/1/2018,45.876187861788765
Poverty rate,10/1/2018,51.16608511183355
Poverty rate,11/1/2018,61.441623446265595
Poverty rate,12/1/2018,41.42711244153544
Poverty rate,1/1/2019,40.91534829123542
Poverty rate,2/1/2019,50.32141469689748
Poverty rate,3/1/2019,49.15150544920303
Poverty rate,4/1/2019,53.33151952812243
Poverty rate,5/1/2019,53.41416677086976
Poverty rate,6/1/2019,31.80097927905401
Poverty rate,7/1/2019,32.7094220083057
Poverty rate,8/1/2019,28.91630111540386
Poverty rate,9/1/2019,48.01328116045082
Poverty rate,10/1/2019,50.46983646174959
Poverty rate,11/1/2019,49.34479203590098
Poverty rate,12/1/2019,43.979074025291524
Poverty rate,1/1/2020,42.84959123962617
Poverty rate,2/1/2020,59.01533253835002
Poverty rate,3/1/2020,40.72627547040226
Poverty rate,4/1/2020,44.84782540261943
Poverty rate,5/1/2020,40.788674010045305
Poverty rate,6/1/2020,41.877811914583894
Poverty rate,7/1/2020,37.87564436674655
Poverty rate,8/1/2020,34.5113529864157
Poverty rate,9/1/2020,47.22662288711755
Poverty rate,10/1/2020,47.97185478536578
Poverty rate,11/1/2020,44.385923197211916
Poverty rate,12/1/2020,38.20625261439335
Poverty rate,1/1/2021,36.02912685553797
Poverty rate,2/1/2021,43.71215603779787
Poverty rate,3/1/2021,41.7644097515769
Poverty rate,4/1/2021,45.18416885753699
Poverty rate,5/1/2021,36.66416054346824
Poverty rate,6/1/2021,27.18825304699024
Poverty rate,7/1/2021,28.1261758602955
Poverty rate,8/1/2021,24.294706941595212
Poverty rate,9/1/2021,38.01398974720439
Poverty rate,10/1/2021,41.462066127753
Poverty rate,11/1/2021,39.18629603160162
Poverty rate,12/1/2021,36.997866419343936
Poverty rate,1/1/2022,40.963775864766156
Poverty rate,2/1/2022,54.924344131470384
Poverty rate,3/1/2022,58.0043986711056
Poverty rate,4/1/2022,72.73334273708787
Poverty rate,5/1/2022,61.66591978286082
Poverty rate,6/1/2022,38.60376153886834
Poverty rate,7/1/2022,32.90745863164499
Poverty rate,8/1/2022,31.81802378956788
Poverty rate,9/1/2022,45.893710806511066
Poverty rate,10/1/2022,52.91491833982919
Poverty rate,11/1/2022,53.38276787394778
Poverty rate,12/1/2022,47.701350026808605
Poverty rate,1/1/2023,42.839108353219174
Poverty rate,2/1/2023,54.28544820595838
Poverty rate,3/1/2023,56.21816381194803
Poverty rate,4/1/2023,59.489876686808365
Poverty rate,5/1/2023,47.51060464167916
Poverty rate,6/1/2023,34.158848949739244
Poverty rate,7/1/2023,31.40449132085608
Poverty rate,8/1/2023,32.70397260956804
Poverty rate,9/1/2023,59.36106869524216
Poverty rate,10/1/2023,57.30608259763697
Poverty rate,11/1/2023,56.817403629897335
Poverty rate,12/1/2023,55.091792141655525
Poverty rate,1/1/2024,46.1563222244588
Poverty rate,2/1/2024,59.1912861252759
Poverty rate,3/1/2024,56.16091773018424
Poverty rate,4/1/2024,63.416245224644896
Poverty rate,5/1/2024,51.59625882105973
Poverty rate,6/1/2024,35.19015869176725
Poverty rate,7/1/2024,34.51286705893484
Poverty rate,8/1/2024,38.3456283911707
Economic inequality,1/1/2010,3.163272533852484
Economic inequality,2/1/2010,5.962035406998881
Economic inequality,3/1/2010,7.016887176315837
Economic inequality,4/1/2010,7.762533175617832
Economic inequality,5/1/2010,6.259132500006456
Economic inequality,6/1/2010,2.7859682841312052
Economic inequality,7/1/2010,2.0260472732889427
Economic inequality,8/1/2010,2.7304035436916747
Economic inequality,9/1/2010,4.248792171568684
Economic inequality,10/1/2010,5.891425734497985
Economic inequality,11/1/2010,5.524194470690209
Economic inequality,12/1/2010,4.499333699205397
Economic inequality,1/1/2011,3.3765758323051878
Economic inequality,2/1/2011,6.158644143241618
Economic inequality,3/1/2011,6.969610106766372
Economic inequality,4/1/2011,7.608385852550407
Economic inequality,5/1/2011,5.74388259033904
Economic inequality,6/1/2011,2.8612636845826134
Economic inequality,7/1/2011,3.0588760873192844
Economic inequality,8/1/2011,2.7332223179920754
Economic inequality,9/1/2011,4.3573461848630295
Economic inequality,10/1/2011,9.162921241860715
Economic inequality,11/1/2011,11.447666493444308
Economic inequality,12/1/2011,8.529200668057834
Economic inequality,1/1/2012,5.400975321640311
Economic inequality,2/1/2012,8.788853082661145
Economic inequality,3/1/2012,7.62484243338004
Economic inequality,4/1/2012,8.2733590735931
Economic inequality,5/1/2012,7.306939935910161
Economic inequality,6/1/2012,4.058461819059078
Economic inequality,7/1/2012,3.683824537623383
Economic inequality,8/1/2012,2.301270321630914
Economic inequality,9/1/2012,5.588165502874205
Economic inequality,10/1/2012,8.706327473191678
Economic inequality,11/1/2012,9.021244296923282
Economic inequality,12/1/2012,6.416132780752356
Economic inequality,1/1/2013,4.619030574709874
Economic inequality,2/1/2013,6.406722348934059
Economic inequality,3/1/2013,8.230810298013248
Economic inequality,4/1/2013,9.38972510904187
Economic inequality,5/1/2013,6.381583455504056
Economic inequality,6/1/2013,3.9875663654714812
Economic inequality,7/1/2013,4.137828927206402
Economic inequality,8/1/2013,3.6910632839467654
Economic inequality,9/1/2013,7.410199231157011
Economic inequality,10/1/2013,9.81413671936338
Economic inequality,11/1/2013,10.874909013706905
Economic inequality,12/1/2013,10.229215067310024
Economic inequality,1/1/2014,8.879129521707512
Economic inequality,2/1/2014,11.69402355420744
Economic inequality,3/1/2014,11.124542270292805
Economic inequality,4/1/2014,14.131128042172934
Economic inequality,5/1/2014,10.088690494167913
Economic inequality,6/1/2014,5.519376190489301
Economic inequality,7/1/2014,4.273954938438423
Economic inequality,8/1/2014,4.845232752414143
Economic inequality,9/1/2014,9.351776111771324
Economic inequality,10/1/2014,12.345413412337251
Economic inequality,11/1/2014,13.393634305214253
Economic inequality,12/1/2014,10.727364155923718
Economic inequality,1/1/2015,8.417811736512634
Economic inequality,2/1/2015,12.428422193571516
Economic inequality,3/1/2015,11.561240178908907
Economic inequality,4/1/2015,13.1661936764427
Economic inequality,5/1/2015,10.439791199495671
Economic inequality,6/1/2015,5.98474368357469
Economic inequality,7/1/2015,4.186310286813215
Economic inequality,8/1/2015,4.7256212298211295
Economic inequality,9/1/2015,10.271000024532194
Economic inequality,10/1/2015,13.506328930970298
Economic inequality,11/1/2015,13.979348905696654
Economic inequality,12/1/2015,10.869354339972265
Economic inequality,1/1/2016,8.682286125294448
Economic inequality,2/1/2016,13.09629917665031
Economic inequality,3/1/2016,13.907312337169456
Economic inequality,4/1/2016,15.182597001124892
Economic inequality,5/1/2016,11.415267497795822
Economic inequality,6/1/2016,6.916449319908514
Economic inequality,7/1/2016,3.942324262496085
Economic inequality,8/1/2016,4.125033780702861
Economic inequality,9/1/2016,10.184445884918599
Economic inequality,10/1/2016,12.651702778387497
Economic inequality,11/1/2016,12.606288173701818
Economic inequality,12/1/2016,12.000527150194468
Economic inequality,1/1/2017,7.359148665690927
Economic inequality,2/1/2017,12.753939239590572
Economic inequality,3/1/2017,12.587812647501833
Economic inequality,4/1/2017,13.926046766827314
Economic inequality,5/1/2017,10.05737006558451
Economic inequality,6/1/2017,5.433777495826605
Economic inequality,7/1/2017,4.734921283777367
Economic inequality,8/1/2017,4.320088599513099
Economic inequality,9/1/2017,8.47642152176764
Economic inequality,10/1/2017,12.840723260020203
Economic inequality,11/1/2017,12.92619491282904
Economic inequality,12/1/2017,10.495721041381803
Economic inequality,1/1/2018,8.368493348190425
Economic inequality,2/1/2018,12.864494406612458
Economic inequality,3/1/2018,12.26835300724363
Economic inequality,4/1/2018,13.7229543557784
Economic inequality,5/1/2018,10.724233139679333
Economic inequality,6/1/2018,6.097446509519104
Economic inequality,7/1/2018,4.3134158311032875
Economic inequality,8/1/2018,4.0933637654239154
Economic inequality,9/1/2018,8.664876774893422
Economic inequality,10/1/2018,11.857711588347868
Economic inequality,11/1/2018,10.915179209828812
Economic inequality,12/1/2018,10.157259611284513
Economic inequality,1/1/2019,8.314605096758696
Economic inequality,2/1/2019,12.23659036038782
Economic inequality,3/1/2019,11.645963085302693
Economic inequality,4/1/2019,13.974393165746978
Economic inequality,5/1/2019,11.373564423338168
Economic inequality,6/1/2019,6.7080955654067855
Economic inequality,7/1/2019,4.993738417814495
Economic inequality,8/1/2019,4.683786495757577
Economic inequality,9/1/2019,9.909965790204991
Economic inequality,10/1/2019,13.912431124468513
Economic inequality,11/1/2019,12.726227254162636
Economic inequality,12/1/2019,10.306853078620007
Economic inequality,1/1/2020,9.096919169088915
Economic inequality,2/1/2020,12.69798925165262
Economic inequality,3/1/2020,11.697817609154571
Economic inequality,4/1/2020,13.335719411348688
Economic inequality,5/1/2020,11.523263064407121
Economic inequality,6/1/2020,9.895611714034702
Economic inequality,7/1/2020,8.073888756003111
Economic inequality,8/1/2020,6.708293807520945
Economic inequality,9/1/2020,13.6894295185689
Economic inequality,10/1/2020,14.755858601712992
Economic inequality,11/1/2020,12.24401085625163
Economic inequality,12/1/2020,9.210397236366237
Economic inequality,1/1/2021,7.138519505382604
Economic inequality,2/1/2021,10.968800558777888
Economic inequality,3/1/2021,11.188568271633931
Economic inequality,4/1/2021,12.836394657531205
Economic inequality,5/1/2021,9.638672489060196
Economic inequality,6/1/2021,6.356099271621442
Economic inequality,7/1/2021,4.052094730146398
Economic inequality,8/1/2021,4.343941658559965
Economic inequality,9/1/2021,8.980645443548415
Economic inequality,10/1/2021,12.734629943491065
Economic inequality,11/1/2021,12.677717728421701
Economic inequality,12/1/2021,10.342742900105039
Economic inequality,1/1/2022,8.72438056116189
Economic inequality,2/1/2022,14.864981529599042
Economic inequality,3/1/2022,18.119467145640044
Economic inequality,4/1/2022,22.9926997349764
Economic inequality,5/1/2022,17.18417506937701
Economic inequality,6/1/2022,8.929977049712468
Economic inequality,7/1/2022,6.939861149417725
Economic inequality,8/1/2022,5.662423999916101
Economic inequality,9/1/2022,12.035926589228454
Economic inequality,10/1/2022,18.810808876004614
Economic inequality,11/1/2022,18.09594030681026
Economic inequality,12/1/2022,13.949405626137818
Economic inequality,1/1/2023,10.904790240900864
Economic inequality,2/1/2023,18.206587479324014
Economic inequality,3/1/2023,19.2357565384622
Economic inequality,4/1/2023,24.001884269027418
Economic inequality,5/1/2023,18.002816147825346
Economic inequality,6/1/2023,7.834292968450128
Economic inequality,7/1/2023,7.2426697900873265
Economic inequality,8/1/2023,7.159814214748786
Economic inequality,9/1/2023,15.243230140387418
Economic inequality,10/1/2023,22.818692414451224
Economic inequality,11/1/2023,21.40411771009479
Economic inequality,12/1/2023,15.492068165690435
Economic inequality,1/1/2024,12.58678364446978
Economic inequality,2/1/2024,20.924435599067696
Economic inequality,3/1/2024,22.90109244646297
Economic inequality,4/1/2024,29.034206761289397
Economic inequality,5/1/2024,19.583293202739135
Economic inequality,6/1/2024,9.962806409171945
Economic inequality,7/1/2024,8.525352715707841
Economic inequality,8/1/2024,7.0832331294175646